Year,Total Attendance
2019,68506896
2018,69671272
2017,72678797
2016,73159044
2015,73719340
2014,73739622
2013,74027037
2012,74859268
2011,73425667
2010,73061763
2009,73430580
2008,78624315
2007,79484718
2006,76043902
2005,74915268
2004,73022972
2003,67630052
2002,67944389
2001,72581101
2000,71358907
1999,70139380