Year,Total Attendance
1999,70139380
2000,71358907
2001,72581101
2002,67944389
2003,67630052
2004,73022972
2005,74915268
2006,76043902
2007,79484718
2008,78624315
2009,73430580
2010,73061763
2011,73425667
2012,74859268
2013,74027037
2014,73739622
2015,73719340
2016,73159044
2017,72678797
2018,69671272
2019,68506896